id,name,is_test,created_at
1,Acme Analytics,0,1722676741
2,Zenith Robotics,0,1727704231
3,Blue Harbor Media,0,1735647333
4,Cobalt Systems,0,1726377355
5,Driftwood Labs,0,1713310414
6,Everfield Health,0,1722250915
7,Fjord Logistics,0,1726389646
8,Gable & Sons,0,1709248051
9,Halcyon Grid,0,1707389391
10,Ironvale Mining,0,1727894985
11,Juniper Retail,0,1711610964
12,Kestrel Aero,0,1713140280
13,Lumen Payments,0,1710646540
14,Maplewright Co,0,1716439209
15,Northbeam Energy,0,1704994650
16,Opal Textiles,0,1723766550
17,Pinecrest Foods,0,1727941336
18,Quarry Digital,0,1706355155
19,Riverstone Legal,0,1709546927
20,Saltbrook Travel,0,1722865342
21,Tidewater Marine,0,1759366778
22,Umbra Security,0,1764884326
23,Vantage Realty,0,1750491254
24,Willow & Birch,0,1741798209
25,Xylo Instruments,0,1762019676
26,Yarrow Biotech,0,1755947983
27,Zephyr Couriers,0,1760400228
28,Arcline CAD,0,1753815743
29,Basalt Cloud,0,1759539332
30,Cinder Games,0,1745192920
31,Dockside Brewing,0,1771774554
32,Elmspring Schools,0,1770165908
33,Foxglove Beauty,0,1769267680
34,Granite Ledger,0,1773453879
35,Hollowell Farms,0,1769229387
36,Indigo Press,0,1776141762
37,Jetty Insurance,0,1775565715
38,Kilnworks Pottery,0,1777661371
39,Larkspur Events,0,1776862450
40,Mistral Wines,0,1781326028
41,Nook Furniture,0,1779521756
42,Orchard Dental,0,1781820425
43,Pillar Finance,0,1776872025
44,Quill Publishing,0,1781041293
45,QA Sandbox,1,1780519445
46,Internal Test,1,1775284217
47,Staging Smoke,1,1778519531
48,Loadtest Rig,1,1770848796
49,Demo Test Org,1,1767283886
50,E2E Bot Farm,1,1762112882
