id,user_id,account_id,is_primary,created_at
1,1,2,1,1767913190
2,1,1,0,1769201416
3,2,2,1,1769250220
4,2,1,0,1769636947
5,3,2,1,1769213686
6,3,1,0,1769277112
7,4,2,1,1769384740
8,4,1,0,1768559700
9,5,2,1,1769048823
10,5,1,0,1769731236
11,6,2,1,1767617014
12,6,1,0,1769580766
13,7,2,1,1769895146
14,7,1,0,1769095193
15,8,2,1,1767578056
16,8,1,0,1769871663
17,9,2,1,1769316137
18,9,1,0,1768354855
19,10,2,1,1769281273
20,10,1,0,1769515686
21,11,2,1,1768960587
22,11,1,0,1769175664
23,12,2,1,1767768301
24,12,1,0,1768922080
25,13,2,1,1768650542
26,13,1,0,1769289730
27,14,2,1,1769088026
28,14,1,0,1769506411
29,15,2,1,1768720087
30,15,1,0,1769857654
31,16,2,1,1768430123
32,16,1,0,1769582982
33,17,2,1,1769773820
34,17,1,0,1768647979
35,18,2,1,1768134779
36,18,1,0,1769856192
37,19,1,1,1767620372
38,20,1,1,1768784197
39,21,1,1,1768605324
40,22,1,1,1769149855
41,23,1,1,1768745062
42,24,1,1,1768921430
43,25,1,1,1769460171
44,26,1,1,1768403845
45,27,1,1,1769765894
46,28,1,1,1768198298
47,29,2,1,1769368840
48,30,2,1,1768384621
49,31,2,1,1769757310
50,32,2,1,1767590455
51,33,2,1,1769313628
52,34,2,1,1768615682
53,35,3,1,1768307595
54,36,4,1,1768107843
55,37,5,1,1768597533
56,38,6,1,1768543646
57,39,7,1,1769153341
58,40,8,1,1769743346
59,41,9,1,1768805924
60,42,10,1,1767583736
61,43,11,1,1769876203
62,44,12,1,1767781799
63,45,13,1,1768119143
64,46,14,1,1768018604
65,47,15,1,1767688386
66,48,16,1,1768918643
67,49,17,1,1768756861
68,50,18,1,1768890270
69,51,19,1,1768613733
70,52,20,1,1767655595
71,53,21,1,1767877943
72,54,22,1,1768598687
73,55,23,1,1768251683
74,56,24,1,1769875155
75,57,25,1,1769684350
76,58,26,1,1769681730
77,59,27,1,1769661638
78,60,28,1,1769792229
79,61,29,1,1768840559
80,62,30,1,1768826986
81,63,31,1,1768484856
82,64,32,1,1767901970
83,65,33,1,1767892896
84,66,34,1,1767899269
85,67,35,1,1769030433
86,68,36,1,1769463438
87,69,37,1,1768509183
88,70,38,1,1768125057
89,71,39,1,1768323201
90,72,40,1,1768174720
91,73,41,1,1769742317
92,74,42,1,1768667281
93,75,43,1,1768324109
94,76,44,1,1768574309
95,77,3,1,1768149073
96,78,4,1,1768063544
97,79,5,1,1768532005
98,80,6,1,1768970699
99,81,7,1,1768754726
100,82,8,1,1767796856
101,83,9,1,1767709671
102,84,10,1,1768601573
103,85,11,1,1768049011
104,86,12,1,1768824684
105,87,13,1,1769751213
106,88,14,1,1767746291
107,89,15,1,1767662495
108,90,16,1,1767821908
109,91,17,1,1768810009
110,92,18,1,1769842311
111,93,19,1,1767834687
112,94,20,1,1767856235
113,95,21,1,1769346359
114,96,22,1,1768682942
115,97,23,1,1767913508
116,98,24,1,1768149547
117,99,25,1,1769432363
118,100,26,1,1767798804
119,101,27,1,1768326364
120,102,28,1,1768403950
121,103,29,1,1768570801
122,104,30,1,1769054023
123,105,31,1,1768380132
124,106,32,1,1767606873
125,107,33,1,1768308180
126,108,34,1,1768342803
127,109,35,1,1769232754
128,110,36,1,1769291105
129,111,37,1,1768252906
130,112,38,1,1769123492
131,113,39,1,1768520962
132,114,40,1,1769208284
133,115,41,1,1769081912
134,116,42,1,1768815026
135,117,43,1,1767790873
136,118,44,1,1768871756
137,119,3,1,1769276740
138,120,4,1,1768337366
139,121,5,1,1769334770
140,122,6,1,1767993575
141,123,7,1,1769302985
142,124,8,1,1768910398
143,125,9,1,1768674234
144,126,10,1,1768233652
145,127,11,1,1769010274
146,128,12,1,1768561263
147,129,13,1,1767874444
148,130,14,1,1768507991
149,131,15,1,1769619688
150,132,16,1,1767671066
151,133,17,1,1767848610
152,134,18,1,1768187289
153,135,19,1,1768606689
154,136,20,1,1769448347
155,137,21,1,1769129761
156,138,22,1,1768476668
157,139,23,1,1769150828
158,140,24,1,1768340772
159,141,25,1,1769658388
160,142,26,1,1769176703
161,143,27,1,1769374124
162,144,28,1,1768160365
163,145,29,1,1769785880
164,146,30,1,1769228005
165,147,31,1,1769118721
166,148,32,1,1767948334
167,149,33,1,1768169069
168,150,34,1,1768413880
169,151,35,1,1769863940
170,152,36,1,1769135257
171,153,37,1,1768854683
172,154,38,1,1768167230
173,155,39,1,1767769797
174,156,40,1,1768362212
175,157,41,1,1769233040
176,158,42,1,1767979297
177,159,43,1,1769001812
178,160,44,1,1768514260
179,161,3,1,1768654892
180,162,4,1,1768732731
181,163,5,1,1769250559
182,164,6,1,1767581861
183,165,7,1,1768058468
184,166,8,1,1767970151
185,167,9,1,1769871498
186,168,10,1,1768447012
187,169,11,1,1769533978
188,170,12,1,1769342610
189,171,13,1,1769566267
190,172,14,1,1768264032
191,173,15,1,1768267201
192,174,16,1,1769009185
193,175,17,1,1768419927
194,176,18,1,1768652265
195,177,19,1,1768498829
196,178,20,1,1768336857
197,179,21,1,1767894459
198,180,22,1,1769076123
199,181,23,1,1768991237
200,182,24,1,1768371700
201,183,25,1,1768837809
202,184,26,1,1769169187
203,185,27,1,1767897410
204,186,28,1,1769609838
205,187,29,1,1768443779
206,188,30,1,1768601216
207,189,31,1,1768611170
208,190,32,1,1769580007
209,191,33,1,1769063658
210,192,34,1,1768271859
211,193,35,1,1768869174
212,194,36,1,1768632907
213,195,37,1,1768642141
214,196,38,1,1767860709
215,197,39,1,1769677941
216,198,40,1,1767777936
217,199,41,1,1769642086
218,200,42,1,1769296986
219,201,43,1,1769286413
220,202,44,1,1767689183
221,203,3,1,1768726304
222,204,4,1,1769702651
223,205,5,1,1768498309
224,206,6,1,1768596112
225,207,7,1,1768318819
226,208,8,1,1768068020
227,209,9,1,1767777841
228,210,10,1,1768854847
229,211,11,1,1767718669
230,212,12,1,1769830935
231,213,13,1,1767912733
232,214,14,1,1767587520
233,215,15,1,1767974757
234,216,16,1,1767897311
235,217,17,1,1768498999
236,218,18,1,1768686839
237,219,19,1,1767716528
238,220,20,1,1768979285
239,221,21,1,1767729997
240,222,22,1,1768927812
241,223,23,1,1767597286
242,224,24,1,1768023403
243,225,25,1,1769322320
244,226,26,1,1769193890
245,227,27,1,1767672230
246,228,28,1,1769402669
247,229,29,1,1768095965
248,230,30,1,1768863337
249,231,31,1,1769539776
250,232,32,1,1768649192
251,233,33,1,1769772240
252,234,34,1,1767801774
253,235,35,1,1768046403
254,236,36,1,1769267172
255,237,37,1,1769586450
256,238,38,1,1769174435
257,239,39,1,1767841892
258,240,40,1,1769124460
259,241,41,1,1769225799
260,242,42,1,1768277683
261,243,43,1,1769755765
262,244,44,1,1769438482
263,245,3,1,1769139804
264,246,4,1,1769015772
265,247,5,1,1769770323
266,248,6,1,1767929592
267,249,7,1,1769059479
268,250,8,1,1767791888
269,251,9,1,1767675435
270,252,10,1,1769487091
271,253,11,1,1767775042
272,254,12,1,1768810167
273,255,13,1,1768003733
274,256,14,1,1769129722
275,257,15,1,1767964076
276,258,16,1,1767663804
277,259,17,1,1767880732
278,260,18,1,1769272209
279,261,19,1,1769534981
280,262,20,1,1767580290
281,263,21,1,1769448300
282,264,22,1,1767737031
283,265,23,1,1768856944
284,266,24,1,1768838373
285,267,25,1,1767737358
286,268,26,1,1768587351
287,269,27,1,1768716376
288,270,28,1,1768109905
289,271,29,1,1767667959
290,272,30,1,1768684164
291,273,31,1,1767702218
292,274,32,1,1767719449
293,275,33,1,1768638520
294,276,34,1,1768274049
295,277,35,1,1768371144
296,278,36,1,1769847936
297,279,37,1,1768103416
298,280,38,1,1768953174
299,281,39,1,1769834728
300,282,40,1,1768568489
301,283,41,1,1768677343
302,284,42,1,1768768470
303,285,43,1,1767593413
304,286,44,1,1769176926
305,287,3,1,1768056731
306,288,4,1,1767922455
307,289,5,1,1769861629
308,290,6,1,1769575817
309,291,7,1,1769457427
310,292,8,1,1768139080
311,293,9,1,1768855565
312,294,10,1,1769082168
313,295,11,1,1768178988
314,296,12,1,1768625748
315,297,13,1,1769169460
316,298,14,1,1768317734
317,299,15,1,1769038318
318,300,16,1,1769420939
319,301,17,1,1768152329
320,302,18,1,1768562190
321,303,19,1,1768623745
322,304,20,1,1769861922
323,305,21,1,1768587782
324,306,22,1,1769685229
325,307,23,1,1768450093
326,308,24,1,1769579029
327,309,25,1,1768248950
328,310,26,1,1769791624
329,311,27,1,1769694653
330,312,28,1,1767834422
331,313,29,1,1769456480
332,314,30,1,1767967472
333,315,31,1,1768679147
334,316,32,1,1768270730
335,317,33,1,1768761756
336,318,34,1,1767774410
337,319,35,1,1769640298
338,320,36,1,1767847380
339,321,37,1,1767601813
340,322,38,1,1767763983
341,323,39,1,1769294382
342,324,40,1,1768135592
343,325,41,1,1769076536
344,326,42,1,1769730054
345,327,43,1,1768176752
346,328,44,1,1769296275
347,329,3,1,1768317721
348,330,4,1,1767696704
349,331,5,1,1769567563
350,332,6,1,1767910229
351,333,7,1,1769266683
352,334,8,1,1768800114
353,335,9,1,1769524986
354,336,10,1,1769149222
355,337,11,1,1768154446
356,338,12,1,1767892975
357,339,13,1,1768110177
358,340,14,1,1768789061
359,341,15,1,1767625423
360,342,16,1,1767753022
361,343,17,1,1769689960
362,344,18,1,1767633779
363,345,19,1,1769733798
364,346,20,1,1768809178
365,347,21,1,1768774999
366,348,22,1,1769657617
367,349,23,1,1768836177
368,350,24,1,1768434097
369,351,25,1,1768505625
370,352,26,1,1769472099
371,353,27,1,1769569845
372,354,28,1,1769767850
373,355,29,1,1769707935
374,356,30,1,1768087077
375,357,31,1,1769796055
376,358,32,1,1769843803
377,359,33,1,1767886283
378,360,34,1,1768852275
379,361,35,1,1769812456
380,362,36,1,1769260163
381,363,37,1,1768769610
382,364,38,1,1769174991
383,365,39,1,1769191158
384,366,40,1,1768989528
385,367,41,1,1768011310
386,368,42,1,1769730825
387,369,43,1,1768801977
388,370,44,1,1767660999
389,371,3,1,1768503451
390,372,4,1,1768432747
391,373,5,1,1768875550
392,374,6,1,1769801672
393,375,7,1,1768310466
394,376,8,1,1767979121
395,377,9,1,1769734804
396,378,10,1,1767669015
397,379,11,1,1768971544
398,380,12,1,1769566725
399,381,13,1,1768870346
400,382,14,1,1768697589
401,383,15,1,1768493492
402,384,16,1,1769754223
403,385,17,1,1769590932
404,386,18,1,1768367697
405,387,19,1,1768865035
406,388,20,1,1769052058
407,389,45,1,1769114356
408,390,46,1,1769592001
409,391,47,1,1768220471
410,392,48,1,1768463096
411,393,49,1,1769626944
412,394,50,1,1769428438
413,395,45,1,1769080771
414,396,46,1,1768654565
415,397,47,1,1768642934
416,398,48,1,1769518388
417,399,49,1,1769246719
418,400,50,1,1768548018
419,401,45,1,1769826390
420,402,46,1,1767759531
421,403,47,1,1768367883
422,404,48,1,1768836951
423,405,49,1,1769093340
424,406,50,1,1767975919
425,407,45,1,1769322144
426,408,46,1,1768811897
427,409,47,1,1767657203
428,410,48,1,1767995394
429,411,49,1,1769317725
430,412,50,1,1767926545
431,100,31,0,1772452730
432,120,9,0,1774760691
433,140,29,0,1775761537
434,160,7,0,1771797485
435,180,27,0,1776398565
436,200,5,0,1777471949
