id,user_id,started_at,duration
1,4,1778168103,2028712
2,4,1779984128,652220
3,4,1778567058,974923
4,4,1779088587,1897807
5,10,1780082440,1697414
6,10,1778468755,925021
7,10,1778984776,1487121
8,10,1778906685,1824946
9,10,1779658819,1818316
10,12,1780159376,627379
11,12,1777958284,1569876
12,12,1779964100,971394
13,12,1778546660,248007
14,13,1779482659,1151233
15,13,1777797574,670213
16,13,1778471874,2045689
17,15,1779174137,475562
18,15,1778363894,701963
19,15,1779434474,1457867
20,15,1778419086,1011095
21,15,1778387373,1136916
22,16,1779703890,1508821
23,16,1777630116,562055
24,16,1779455430,487787
25,17,1778910975,2075388
26,17,1779801906,1655898
27,17,1778524757,1549443
28,17,1779260479,926547
29,18,1779438242,492512
30,18,1778319721,2025939
31,18,1778379314,989136
32,18,1780098135,884828
33,18,1779710369,746375
34,18,1779007353,1596879
35,19,1779936573,457830
36,19,1780048710,453866
37,19,1779658107,1937685
38,19,1780132646,1446978
39,19,1779836368,1290447
40,19,1777729444,1205553
41,21,1780122899,1738007
42,21,1778431377,409869
43,21,1779682083,539360
44,21,1778946437,1125923
45,22,1779058893,249978
46,23,1778199193,1304077
47,23,1780040342,202713
48,25,1779002720,435901
49,25,1779260055,482511
50,25,1777842916,1841325
51,25,1780062479,509204
52,25,1779403769,1629222
53,25,1779156274,2080340
54,26,1779657355,1341744
55,26,1778790490,1947653
56,30,1780176414,1633624
57,30,1779702531,714735
58,30,1779826420,1373018
59,30,1778997508,1976492
60,32,1777980829,1027960
61,32,1778718169,1644867
62,33,1777830876,465065
63,33,1779498791,1822886
64,33,1777619356,423753
65,33,1778463835,1388986
66,33,1780047489,278641
67,33,1778165849,686140
68,34,1780161454,1327731
69,34,1779471078,1422601
70,34,1778448136,1603266
71,34,1779796009,1191218
72,35,1779457743,559058
73,35,1779582402,1897104
74,40,1779505678,1476655
75,41,1778782419,1514599
76,41,1779663615,1887291
77,45,1779906974,1925844
78,45,1778368435,2083453
79,45,1778919617,1106453
80,45,1778576852,447171
81,45,1779607802,331117
82,45,1779130354,1771484
83,46,1780007686,1447990
84,46,1778923677,439159
85,46,1779832864,741628
86,46,1777792110,1210849
87,46,1779691209,2040924
88,46,1779620382,1526754
89,48,1779356221,263976
90,48,1779718990,1017111
91,48,1779808436,1798362
92,52,1778439288,303307
93,52,1778629969,1846896
94,52,1780094140,1344391
95,58,1777662424,1245071
96,58,1778731811,1650131
97,58,1777669039,1680888
98,59,1778152744,1552278
99,65,1778359625,519607
100,65,1779525842,872088
101,65,1779142565,710140
102,69,1779688759,904074
103,69,1779800272,1936868
104,80,1777706546,318615
105,82,1779557714,1881331
106,82,1778790827,2064778
107,83,1778400942,1497455
108,83,1778469525,1699077
109,83,1778173559,1248673
110,83,1780056053,1296400
111,84,1779280548,1540305
112,84,1778296128,857654
113,86,1778632962,1485864
114,86,1777741659,1814481
115,86,1779933286,1163820
116,86,1779892295,693140
117,87,1777633118,1626023
118,87,1780030255,1244633
119,87,1778733803,1056631
120,87,1778405615,396980
121,89,1778759808,217111
122,89,1779739796,1786278
123,89,1777929093,1706956
124,89,1780092852,1748309
125,90,1779955596,829403
126,95,1777652468,1718753
127,95,1779382608,402981
128,95,1779555255,2036793
129,95,1777828662,487884
130,95,1778993831,380786
131,95,1778037744,1911365
132,96,1779454754,1680816
133,96,1779926693,275996
134,96,1778878988,1729677
135,96,1780056547,582087
136,96,1778977686,1316183
137,96,1779990335,513031
138,97,1778029292,853246
139,97,1779017982,1277374
140,97,1779774915,965487
141,97,1778309848,348944
142,97,1780132137,1814489
143,97,1779323173,1431124
144,99,1779822393,1839606
145,99,1777821144,1475018
146,99,1779681935,1725025
147,99,1779584987,365560
148,99,1779784072,1416162
149,99,1777661163,2038375
150,104,1780107140,1596641
151,104,1779502434,519897
152,104,1779000314,488601
153,104,1779742203,675748
154,113,1780138061,1338188
155,113,1779679074,1165009
156,113,1779726654,917183
157,113,1779737181,2025993
158,113,1780245258,494492
159,113,1780266694,445246
160,119,1779340422,674198
161,119,1778438511,1813049
162,120,1779824316,1561423
163,120,1779324591,800015
164,120,1777938203,1274249
165,123,1779154755,553264
166,123,1778497999,1399579
167,126,1778834952,324237
168,127,1777701592,971054
169,127,1779954192,1645290
170,127,1779513422,1039168
171,127,1779826673,1949190
172,127,1779847827,1076913
173,135,1778062221,1821516
174,136,1779943655,1537095
175,136,1777965036,1433942
176,136,1777714209,577273
177,136,1779232562,783706
178,136,1779192077,1001561
179,136,1780108529,1213100
180,138,1779934108,938987
181,138,1780217727,1524232
182,138,1780061573,1283483
183,138,1778982400,229442
184,138,1779979071,695372
185,146,1779356645,843004
186,148,1779998322,854697
187,148,1777868908,787869
188,148,1779226701,1196449
189,148,1778122870,1405426
190,151,1780141577,1116563
191,151,1779884176,1915978
192,153,1780257389,1296812
193,153,1780254292,945942
194,153,1780254001,1451418
195,153,1780264823,658583
196,153,1780269086,2066654
197,153,1780260549,1307459
198,162,1780013369,623808
199,162,1779155540,1743161
200,162,1779098564,1933663
201,162,1778088549,1424404
202,162,1779935741,1090245
203,162,1779979664,395800
204,163,1779708307,1139220
205,163,1780122181,1804160
206,163,1779971194,1235947
207,163,1778025443,1696603
208,163,1779700104,917754
209,163,1778619488,1766814
210,164,1780232255,1895431
211,166,1779570067,1024018
212,166,1779326607,1907719
213,166,1778732355,587429
214,166,1779448242,1332234
215,166,1779857280,280246
216,166,1778197747,1258124
217,168,1779232859,428464
218,169,1778874265,1738081
219,171,1780139236,505765
220,171,1778508933,591696
221,171,1779618046,2077631
222,171,1778456966,1859110
223,171,1778563216,860367
224,171,1779159797,1138187
225,172,1778072893,2061670
226,172,1779277595,546463
227,172,1778915493,641119
228,172,1778770555,1180263
229,173,1778208397,1016687
230,173,1779456279,532415
231,173,1779008597,786346
232,173,1778368635,1561972
233,173,1779619095,1896202
234,180,1779912849,1003275
235,180,1778434304,1888970
236,180,1777844857,1492375
237,182,1777630541,194983
238,182,1777678989,1531180
239,182,1778786890,998952
240,182,1778574221,766100
241,182,1778609058,291862
242,182,1779534244,899814
243,184,1778988701,530122
244,185,1779108612,1133669
245,185,1778960524,1825506
246,186,1779311959,817297
247,186,1778601234,1728823
248,186,1779917546,1340907
249,186,1778629771,773821
250,186,1779036803,463521
251,187,1778210384,1459029
252,187,1779417619,584033
253,187,1779339486,693888
254,187,1778070219,1739934
255,187,1779212285,1894297
256,188,1779384643,436464
257,188,1779725687,1931506
258,188,1779273825,1584205
259,190,1779410798,1564843
260,203,1777595266,2026439
261,203,1778535242,674551
262,203,1780053131,1460811
263,203,1779307512,499134
264,203,1779812714,396081
265,203,1779703979,1218642
266,205,1777982749,1458187
267,205,1778712891,1821299
268,207,1779283278,659005
269,207,1779700783,360125
270,207,1780096858,1765718
271,207,1778606408,1627984
272,208,1779182628,1213378
273,208,1778494117,227550
274,208,1778231518,1112417
275,208,1777649370,1986870
276,208,1777717321,683150
277,214,1780268009,970348
278,214,1779315406,2079093
279,214,1778189875,981294
280,214,1778297195,728304
281,214,1778794628,1140506
282,217,1778200083,207372
283,217,1778974703,794940
284,217,1777633047,247671
285,217,1777766381,463244
286,218,1778496875,1953279
287,218,1779028710,460583
288,218,1779757365,2086267
289,219,1778524277,1147505
290,219,1778717784,894211
291,219,1778996072,569431
292,219,1778796397,1098950
293,219,1778145003,1822333
294,219,1779045238,383313
295,220,1779185227,1813552
296,220,1777868698,1066023
297,220,1778284982,1114790
298,220,1779205462,338573
299,220,1779653841,998441
300,220,1779530584,772449
301,227,1779087195,316107
302,227,1778443000,828314
303,229,1778030347,1079429
304,229,1777918245,1703391
305,229,1779787817,1192906
306,229,1778341894,340260
307,230,1779886479,1763394
308,230,1779816341,1416229
309,230,1778500784,1330600
310,231,1778030041,1978225
311,231,1778338227,1739438
312,231,1778563055,417987
313,231,1778940051,256572
314,231,1778943672,525464
315,231,1779820346,1522678
316,232,1779363854,338323
317,232,1779157739,264239
318,232,1779263805,1372435
319,235,1778523743,1411726
320,235,1777855699,625365
321,235,1778774964,1564807
322,235,1779003264,716810
323,235,1778350087,2003858
324,235,1779844970,581116
325,236,1778984821,1441726
326,236,1778401276,1280956
327,239,1779145582,1921549
328,239,1779750265,1347558
329,239,1778793789,1425201
330,245,1778787661,1286638
331,245,1778343746,763281
332,245,1779073695,1701585
333,245,1780193863,299665
334,245,1778142546,1832535
335,245,1779452715,694847
336,247,1779802559,1515758
337,248,1779766987,2013528
338,252,1779144491,1537632
339,252,1779228002,987114
340,252,1779477159,2063609
341,252,1779662926,182522
342,252,1779765756,285382
343,252,1780023765,1734788
344,253,1778272919,1000298
345,253,1779955073,1621698
346,253,1779823077,271293
347,253,1779018841,1160900
348,254,1777889620,1043191
349,254,1778161105,1041315
350,254,1779787405,600249
351,254,1779072443,874278
352,254,1779148169,1391364
353,257,1779307513,612012
354,257,1778404050,1577271
355,258,1780159029,1287993
356,258,1778684104,1259292
357,258,1779190742,1506927
358,258,1780239443,1641059
359,259,1778076532,306486
360,259,1779125600,1903010
361,265,1779159573,339657
362,265,1780088384,701971
363,265,1779938195,1982795
364,265,1779708137,822259
365,265,1780038222,1030806
366,265,1779274122,939368
367,267,1778397968,323269
368,267,1778034240,996647
369,272,1778881249,967427
370,272,1778402190,1410716
371,272,1778695299,1323781
372,274,1778744184,593443
373,274,1778288892,950797
374,274,1778291995,490532
375,274,1779303069,1547832
376,275,1779418951,911560
377,275,1778439705,1220988
378,275,1779548333,1369015
379,275,1778385368,251416
380,276,1778538616,1837190
381,276,1780003654,1667510
382,276,1778859875,591326
383,276,1778505049,1903080
384,276,1778766805,429715
385,276,1780037897,730051
386,287,1778346100,1710185
387,287,1777832844,699417
388,287,1778806262,1349881
389,287,1779410732,1406450
390,287,1777834922,574276
391,287,1778886821,1757012
392,288,1779251018,2024846
393,288,1778603586,2044005
394,291,1779678900,1859889
395,291,1778868685,1174294
396,291,1779336176,945088
397,291,1779139945,278125
398,291,1779753679,1642592
399,295,1778271514,224904
400,295,1777686284,775108
401,295,1777885888,714813
402,295,1780010438,1736565
403,295,1779640781,1069807
404,303,1779875306,950122
405,303,1779143563,1595604
406,303,1780229239,182497
407,303,1779924978,568547
408,303,1777792292,2034587
409,307,1778608778,1780790
410,308,1780052089,559518
411,308,1778045442,443641
412,308,1777738658,675969
413,310,1779082116,218920
414,311,1778632806,825831
415,311,1778326568,1508061
416,311,1779088364,2076943
417,311,1780267787,985308
418,311,1779674998,1215949
419,311,1779849356,976391
420,313,1779633603,1232212
421,313,1779255999,1634765
422,313,1779051867,1704526
423,313,1779412144,549282
424,313,1779546224,571685
425,330,1779819290,2055718
426,330,1777751727,1570603
427,330,1779352411,482754
428,330,1780131999,387213
429,331,1779949447,658432
430,334,1779360625,1814118
431,334,1777722851,1253106
432,334,1778955079,1258073
433,334,1778052448,1604040
434,334,1778456789,340947
435,338,1778005507,2092428
436,338,1778528827,578590
437,338,1779377371,442230
438,338,1779663987,1916114
439,338,1778636303,1966620
440,340,1779593847,1731708
441,345,1778790589,1392061
442,345,1780132218,1777231
443,345,1779955697,1612587
444,345,1777690748,281731
445,345,1779577838,1219781
446,345,1779337075,1721730
447,347,1778352013,346285
448,347,1780053949,957038
449,347,1777849807,589123
450,347,1777817242,1703494
451,347,1778368867,1277409
452,349,1778442247,1348061
453,349,1778717485,379793
454,350,1778030977,1366317
455,350,1780027747,580754
456,350,1779344194,549757
457,353,1779287775,1059218
458,353,1778002880,1850608
459,353,1780252553,233836
460,354,1779339330,246411
461,354,1777790010,1917943
462,354,1778383167,1604611
463,354,1778146613,1061164
464,354,1780071155,672694
465,354,1780201939,345101
466,355,1780241552,1257302
467,355,1778686069,1822871
468,356,1779328103,414978
469,356,1779414159,905524
470,356,1778220116,1047369
471,356,1778533048,1053486
472,356,1777868356,1053495
473,358,1778627443,1761144
474,358,1780088535,756474
475,358,1779534147,1501611
476,360,1779927507,247930
477,361,1778948889,1947166
478,361,1780098876,1740471
479,361,1780170286,246783
480,365,1780203445,911293
481,365,1780171868,389980
482,371,1779813851,370528
483,371,1777729178,800827
484,371,1777884314,489726
485,375,1778941956,1610521
486,375,1778825172,1328144
487,375,1777832899,548134
488,378,1777826330,459860
489,378,1777838647,435354
490,378,1777885431,1336072
491,378,1778918418,577091
492,378,1777677118,403134
493,379,1778265767,1327969
494,379,1779331237,1582316
495,379,1779749645,672942
496,379,1778248232,1093748
497,379,1778540039,933743
498,385,1778344294,326866
499,385,1778534229,477901
500,385,1777966628,1308074
501,385,1778222119,230335
502,385,1778191341,1138151
503,385,1780141309,1403409
504,387,1778776026,1617804
505,392,1777864062,41812
506,392,1779367650,38003
507,392,1779954484,53631
508,392,1779143647,44219
509,392,1779511017,36140
510,393,1779556990,24607
511,393,1779384795,39273
512,393,1779920081,63490
513,393,1778285318,24102
514,393,1780190382,79184
515,393,1777939269,85676
516,394,1779202303,51614
517,394,1780140052,39654
518,394,1779756135,27990
519,394,1777789898,25789
520,394,1778374241,22493
521,398,1779944482,22737
522,398,1779413914,34990
523,398,1779888411,58482
524,398,1778619217,23684
525,398,1777622071,39228
526,398,1778815631,69057
527,399,1777804589,37394
528,399,1778747393,23026
529,400,1778687756,64708
530,400,1779979722,87997
531,400,1779255336,51091
532,403,1780017986,60064
533,403,1779954988,54680
534,403,1779318528,69574
535,404,1778073417,66373
536,404,1779650420,51441
537,404,1779220645,34337
538,404,1778385496,87864
539,404,1778587977,88128
540,404,1778808313,74449
541,405,1778189803,45893
542,405,1778747764,88278
543,405,1779987994,73496
544,405,1779662450,36317
545,405,1779268679,45039
546,405,1779782429,70653
547,406,1779835081,76792
548,406,1779685547,75094
549,406,1779613092,62017
550,406,1778968873,53580
551,406,1778789212,31230
552,406,1780207941,77719
553,406,1779130856,85728
554,410,1777863313,52532
555,410,1779936669,75592
556,410,1778532135,75726
557,411,1777852646,47682
558,411,1779059920,32350
559,411,1778636005,58128
560,412,1778863637,86737
561,412,1780079111,85936
562,412,1779030439,73483
563,412,1777937122,52487
564,412,1780245369,84996
565,412,1778388203,62978
566,412,1779953239,21770
567,7,1781046975,333466
568,7,1781594920,1311825
569,7,1782469462,1824836
570,13,1782120202,265498
571,13,1781252331,796053
572,13,1780756172,660344
573,13,1780434538,1319326
574,15,1781160583,1861289
575,15,1782137316,487801
576,15,1780492504,510664
577,15,1780938600,531843
578,16,1782221794,1675998
579,16,1781420487,1410111
580,16,1780683591,1490979
581,16,1780901607,1735629
582,20,1780836481,780707
583,21,1780647046,1332257
584,21,1781908471,1867965
585,21,1782125923,1350903
586,22,1782559202,1973792
587,22,1782001949,425399
588,22,1781036795,743988
589,22,1782189497,646147
590,22,1781193481,1837671
591,22,1781919437,1045827
592,23,1780641721,1231774
593,23,1780492201,617533
594,23,1782835057,1690210
595,23,1781991590,1880193
596,23,1780626246,1110147
597,24,1782503257,981759
598,24,1781213180,518574
599,24,1782045726,394120
600,24,1780727178,673267
601,24,1782484075,959869
602,24,1781313250,267653
603,26,1782012347,1941908
604,26,1782568327,1961948
605,26,1781445148,327225
606,31,1780841868,1940129
607,31,1781447837,1911553
608,32,1782500330,785971
609,32,1782505273,389237
610,32,1782748291,1528623
611,32,1782060193,603881
612,32,1780807653,1486135
613,33,1781136374,541238
614,33,1780406680,469780
615,33,1782173127,851197
616,34,1780813676,450340
617,34,1782389701,1134307
618,34,1781839602,314578
619,34,1781632382,448021
620,34,1780690594,1401360
621,34,1780998288,1218632
622,36,1781978797,1223231
623,36,1782607568,1666595
624,37,1782859112,1925602
625,38,1782622887,1968387
626,38,1780739041,845962
627,38,1782751777,1184040
628,38,1782306271,251988
629,39,1780311295,1926608
630,39,1780830107,258298
631,39,1782158776,447109
632,39,1781113382,1033309
633,40,1782424096,1221625
634,40,1780470829,426607
635,40,1780795124,1277236
636,41,1782372194,1386110
637,41,1780567581,303041
638,41,1781002598,1256950
639,42,1780754578,399811
640,42,1781508007,1172071
641,45,1780322483,1337292
642,45,1782627370,1707143
643,45,1781204534,2003527
644,45,1781680200,1236362
645,45,1782577156,418031
646,45,1780528347,483459
647,46,1780633887,1594989
648,46,1780827993,626051
649,46,1780618569,331733
650,46,1780389222,989380
651,46,1782235017,1484708
652,46,1780971643,1601552
653,47,1780734352,784425
654,47,1780349858,616779
655,47,1780735128,1379546
656,48,1782478707,2008111
657,48,1781464327,808273
658,48,1781050593,636141
659,48,1781802613,190654
660,52,1782183855,1779481
661,52,1781773703,984676
662,52,1780345496,1442647
663,55,1781584688,1968680
664,55,1781660636,945555
665,55,1780878039,1647406
666,55,1781626494,1889409
667,55,1780827034,270626
668,56,1782842919,750719
669,58,1781306096,1770881
670,58,1781319885,1862805
671,58,1781515809,1836595
672,58,1782292185,577748
673,59,1781258667,1111055
674,59,1781593904,1663701
675,59,1780904281,1778760
676,59,1781898890,752969
677,59,1780471086,927814
678,61,1782410157,702557
679,62,1780783502,1791546
680,62,1782092175,1971180
681,62,1782577114,1387866
682,62,1782050942,424016
683,64,1781996079,637689
684,64,1781456069,2043164
685,64,1780793922,833494
686,67,1781821996,970097
687,67,1780330343,1907934
688,67,1782021087,358310
689,67,1780760904,859073
690,69,1781131495,1523042
691,69,1782063076,1392587
692,69,1780903185,1229122
693,69,1780279825,1207051
694,70,1781659185,547063
695,70,1782659608,1181033
696,70,1781255295,1591678
697,70,1782263612,1670931
698,70,1781032231,1566885
699,70,1781724094,401818
700,71,1781480626,1708851
701,71,1782035956,1634963
702,74,1782841784,444810
703,74,1782806223,1794566
704,74,1782765859,376102
705,77,1782558923,1660414
706,77,1781987088,1770196
707,77,1782742251,1165991
708,78,1782797708,553633
709,78,1781975743,940091
710,78,1780677361,1135215
711,78,1781532283,1863661
712,78,1782356363,1388053
713,78,1780749805,990696
714,80,1781180585,1715597
715,80,1780663650,1109953
716,80,1781855009,1054054
717,80,1781584867,1979683
718,80,1780655279,992117
719,84,1780713903,1959391
720,84,1780620609,2032210
721,84,1780456570,942294
722,84,1780987826,535860
723,84,1781041243,1750142
724,87,1781609709,1845922
725,87,1780626510,598183
726,88,1782690076,778572
727,88,1780645234,339094
728,88,1782223724,1875391
729,89,1782020388,1654609
730,89,1782228014,474511
731,89,1781937925,1345476
732,89,1780556143,1693434
733,89,1782797769,1612897
734,89,1781449915,1669361
735,92,1782528730,622635
736,93,1780628993,1605059
737,93,1781519788,1535711
738,93,1782070799,463487
739,94,1780592930,753586
740,94,1781713966,278560
741,96,1781129968,1660262
742,96,1780666044,1003662
743,97,1782612859,862843
744,101,1781766932,1436797
745,107,1782365161,830045
746,107,1780868243,265469
747,112,1782692036,1512709
748,112,1782717599,1957819
749,113,1780476212,1202649
750,116,1782713108,1782285
751,116,1782784765,526777
752,116,1782109038,1389828
753,116,1782047716,1188903
754,120,1780378158,437151
755,122,1782294098,1735822
756,122,1780814197,1032944
757,123,1781901772,907515
758,123,1782563350,258767
759,123,1781441167,1784533
760,123,1781939445,1593842
761,123,1781786475,1570316
762,124,1780359267,1228782
763,126,1780642775,646263
764,126,1780535735,1590157
765,126,1780908951,421884
766,127,1782153352,2046235
767,127,1781606895,718920
768,127,1781481427,920639
769,129,1782260875,1722556
770,129,1781971343,572149
771,129,1782221684,457355
772,129,1782055210,1234134
773,132,1780353471,387613
774,132,1780932306,535569
775,132,1781914276,237156
776,132,1780872562,1450588
777,135,1780513910,1357510
778,135,1780929424,322973
779,136,1780397428,814831
780,136,1781358132,576846
781,136,1781187662,1886453
782,141,1782185360,362067
783,141,1782161304,1136440
784,141,1781411563,268719
785,142,1782352509,300617
786,142,1781788563,1156329
787,143,1781488388,270219
788,143,1780361240,266108
789,143,1780350320,774218
790,143,1782587856,517984
791,143,1782446355,521832
792,145,1782818479,465315
793,145,1782514175,542515
794,145,1780570657,1458639
795,145,1782474783,1981089
796,145,1782366903,2028614
797,145,1781635786,1014946
798,146,1781467606,1190932
799,146,1782360810,1966787
800,146,1782510273,1867028
801,146,1780820345,633766
802,146,1781471127,1547923
803,146,1781749773,2009373
804,147,1780346995,1534400
805,147,1781339855,265053
806,147,1782709512,684042
807,147,1780653175,656179
808,147,1781003607,709918
809,148,1781405011,267284
810,148,1780831440,696274
811,151,1781884213,272113
812,151,1780414107,2052765
813,160,1782180685,371521
814,160,1782107492,777125
815,160,1782852018,756100
816,161,1781235145,786516
817,161,1780371678,1264063
818,161,1780826597,503288
819,161,1782501009,250239
820,161,1782103679,443363
821,162,1781655309,1642785
822,162,1782473249,2094944
823,162,1781415802,1305244
824,163,1782746747,914900
825,163,1782850160,986449
826,171,1782175202,1952079
827,171,1782377830,740149
828,171,1782137964,1545880
829,171,1780383837,917874
830,178,1782213049,1652189
831,178,1782352141,306281
832,178,1782322072,1708279
833,178,1782051957,1002819
834,180,1782393322,1658185
835,180,1780574638,1314979
836,182,1781295819,1035976
837,183,1782433602,1364312
838,183,1780389024,569393
839,186,1781747105,1915629
840,186,1780616304,2039126
841,187,1782808591,1243582
842,187,1780587541,1299063
843,189,1780559537,1135901
844,189,1780289040,1084832
845,192,1782728219,548181
846,196,1781907961,495464
847,196,1781813047,1704909
848,196,1782599698,215639
849,196,1782497346,1123133
850,196,1782424260,1221237
851,203,1780720873,1171694
852,203,1780275838,1576605
853,203,1780701118,1793022
854,203,1780707502,244095
855,203,1781546302,1193603
856,206,1781623936,1799910
857,208,1781833228,1950621
858,208,1781835417,628242
859,213,1780731583,200382
860,213,1782280850,1578275
861,213,1781792531,435118
862,213,1781072000,1609934
863,213,1781757966,307859
864,215,1780513862,1355598
865,215,1780995432,768176
866,215,1782043159,1530098
867,215,1781933133,1622388
868,215,1781627152,1832912
869,216,1781712122,1831234
870,216,1782259820,855062
871,216,1782443049,406161
872,216,1782157469,1180709
873,217,1781865112,1359894
874,217,1782719275,988270
875,217,1782330928,1706459
876,217,1781672494,1629286
877,217,1780689086,564236
878,217,1781431445,369919
879,219,1781949827,1145055
880,219,1782506233,1770222
881,219,1780813118,444831
882,219,1782424641,818740
883,219,1780838445,1426857
884,219,1780600083,1117511
885,226,1782297131,902486
886,226,1780614432,1255658
887,231,1782345029,279474
888,231,1782614783,1948214
889,231,1781180543,933557
890,231,1781374740,641594
891,231,1780910494,774236
892,235,1782399432,988051
893,235,1781273506,1253944
894,235,1781368009,732726
895,235,1781946892,744429
896,235,1781211835,1661080
897,238,1782823626,1304100
898,246,1780903718,1217571
899,251,1781327632,604900
900,251,1781585399,1116131
901,253,1782061201,1603601
902,253,1781465312,900446
903,253,1780709263,919239
904,254,1781764695,1642140
905,254,1782406895,1715264
906,254,1781758981,1188630
907,254,1782032168,852500
908,254,1780392739,812035
909,260,1781136557,1389176
910,260,1781061233,288445
911,265,1780935572,1432767
912,265,1782604901,1562061
913,265,1781836615,1462289
914,265,1781868348,1881243
915,265,1780893629,548467
916,265,1782457088,894038
917,266,1782183367,1123220
918,271,1781985556,457758
919,271,1782378316,1741953
920,271,1782084089,1397622
921,271,1780364706,1857698
922,271,1780397562,1609363
923,271,1781140182,1215347
924,272,1782200058,1433246
925,272,1781910427,1171105
926,272,1782837467,1165601
927,272,1782672012,1080203
928,272,1780827699,929311
929,273,1782036151,1384264
930,276,1782151712,1034717
931,276,1780924773,1929286
932,276,1780692461,897825
933,276,1780988602,439240
934,276,1781403597,871780
935,276,1782160077,1172636
936,280,1781093440,1332731
937,280,1782086430,1951150
938,283,1782095564,1900506
939,283,1781195874,1386440
940,283,1782536622,2015095
941,283,1781096727,425111
942,289,1780784064,2055301
943,289,1781692539,1584444
944,289,1781607556,2073040
945,289,1782212473,959481
946,293,1781392103,1026539
947,293,1781974741,1246053
948,293,1780788892,1134270
949,293,1782349393,558299
950,293,1781807103,835123
951,293,1780358705,586740
952,295,1780897467,1417441
953,295,1780636915,1859983
954,295,1781002551,509638
955,295,1781252780,2002993
956,295,1780731768,1120983
957,297,1780997329,1739236
958,297,1782272676,1575512
959,298,1782764496,1323992
960,298,1781206446,1983512
961,298,1781466818,1438049
962,298,1780954150,242091
963,302,1782129714,1297914
964,302,1782176250,1405937
965,302,1782699761,1466346
966,302,1780620218,1083260
967,302,1782485414,954961
968,302,1780934218,800688
969,303,1780370166,1969507
970,303,1781004997,695118
971,303,1781940573,1593489
972,303,1781013588,1634329
973,305,1781569721,181746
974,305,1781864829,337431
975,305,1780469143,1670863
976,308,1781492972,1460720
977,312,1782793053,1050797
978,313,1780812036,185763
979,313,1782102060,1961581
980,313,1781956867,2075611
981,313,1780959492,1653265
982,314,1780889564,1929047
983,314,1782182444,1003037
984,314,1782399387,1290656
985,314,1781064361,2071355
986,314,1782245155,1781241
987,317,1782353432,1543637
988,317,1782024460,426765
989,317,1780870172,1039159
990,319,1780353143,1815971
991,319,1781341233,915681
992,319,1781243962,342473
993,319,1782756379,1406892
994,319,1782145851,833736
995,330,1782611293,1830645
996,330,1782803900,938895
997,330,1781706471,1351930
998,330,1781215122,1005869
999,333,1781549860,598768
1000,333,1782113757,1091779
1001,333,1781635490,1267194
1002,333,1781241138,1582433
1003,333,1782226672,1751999
1004,336,1781257479,1013151
1005,339,1781718153,631076
1006,339,1780390534,1550814
1007,340,1782576439,811385
1008,340,1781157385,199149
1009,340,1780768507,267526
1010,340,1782302183,658633
1011,340,1781203350,466480
1012,340,1781728223,459177
1013,341,1781803553,949205
1014,341,1781350503,1790767
1015,341,1781865780,1880517
1016,349,1782432902,1815542
1017,349,1780733927,947927
1018,349,1782099647,493094
1019,350,1782256834,2006537
1020,350,1781532972,1236301
1021,352,1781667034,566787
1022,352,1782799077,1953979
1023,353,1780682997,1630126
1024,355,1781186251,852831
1025,356,1782747495,1050515
1026,356,1782650927,1893224
1027,356,1782415474,1608122
1028,356,1781125591,236041
1029,356,1780422703,1495094
1030,357,1781140156,1003323
1031,357,1780965596,307322
1032,357,1780438771,1875462
1033,357,1782592207,768777
1034,357,1782739455,1702335
1035,360,1781190424,821886
1036,362,1781999608,333208
1037,362,1782357836,1130956
1038,362,1782152181,518926
1039,362,1782212128,1226808
1040,363,1782627425,1907295
1041,363,1782639888,857283
1042,363,1782814742,1393187
1043,363,1782802701,1120118
1044,363,1782679693,2089041
1045,363,1782838837,1346178
1046,372,1780863903,1971910
1047,372,1782123511,1601673
1048,374,1781453763,1905641
1049,374,1780309868,833573
1050,374,1781524600,218253
1051,374,1780454302,1075769
1052,376,1781830795,1576212
1053,376,1781072728,2045968
1054,376,1781277368,563065
1055,380,1780537384,666651
1056,380,1780748891,626649
1057,380,1782131679,1360509
1058,380,1782303395,1323705
1059,381,1780928098,631625
1060,383,1781542894,814579
1061,383,1780313462,2098920
1062,383,1780579662,971152
1063,383,1782133734,1129095
1064,387,1782838126,1272457
1065,387,1782255073,867473
1066,387,1781682130,1801865
1067,387,1782592020,1722118
1068,391,1781059735,42788
1069,391,1781828026,42729
1070,392,1781721352,45881
1071,392,1782415720,38141
1072,392,1780691957,50560
1073,392,1782076389,53722
1074,392,1782842095,73844
1075,393,1780627224,36952
1076,393,1780943375,69318
1077,393,1781246515,27679
1078,393,1782472474,49836
1079,394,1780470860,23820
1080,394,1780455915,67688
1081,394,1781059478,48055
1082,394,1781855126,85820
1083,394,1780637602,71341
1084,394,1780806475,44111
1085,395,1781074845,75568
1086,395,1781389256,60412
1087,395,1782626301,63718
1088,396,1781100589,42834
1089,396,1781449078,68618
1090,396,1782206975,49165
1091,396,1781267500,25742
1092,396,1781398667,82865
1093,396,1780628045,88411
1094,396,1781730115,47851
1095,397,1782439493,75494
1096,397,1782486766,80057
1097,397,1782175605,39919
1098,397,1782660560,41738
1099,398,1782401062,68197
1100,398,1781077112,83531
1101,398,1780795923,33878
1102,398,1781087096,63950
1103,398,1782175980,61047
1104,399,1780904499,22774
1105,399,1781210269,72009
1106,399,1780456865,77480
1107,399,1780716172,89993
1108,400,1780767447,75290
1109,400,1782697288,72039
1110,400,1781377158,36963
1111,400,1781515754,52947
1112,401,1780923901,61006
1113,401,1781374309,75751
1114,401,1780865823,21681
1115,401,1782577419,54489
1116,401,1782024263,88621
1117,401,1780847784,42901
1118,401,1781307819,80740
1119,401,1780706441,33903
1120,403,1781607804,34398
1121,403,1780779881,48929
1122,403,1782061090,53795
1123,404,1780630504,34087
1124,404,1780333417,67685
1125,404,1780580484,26167
1126,404,1782408558,61278
1127,404,1780819263,57928
1128,404,1780454789,26135
1129,404,1781746172,20297
1130,405,1781831359,83682
1131,405,1782523482,36654
1132,405,1780787393,26248
1133,405,1781232349,21573
1134,405,1782007757,39159
1135,405,1781009987,84829
1136,405,1782591257,75038
1137,406,1782588466,45868
1138,406,1781177306,34254
1139,406,1782303973,44322
1140,406,1782171770,52834
1141,406,1780871604,51919
1142,406,1781158192,58892
1143,406,1781920117,74526
1144,410,1781204556,20542
1145,410,1781621670,65104
1146,410,1780348321,35474
1147,410,1782044516,32912
1148,410,1782036037,36159
1149,410,1782323335,52152
1150,410,1781924216,32863
1151,410,1782681604,40586
1152,411,1780493279,47387
1153,411,1781783888,72645
1154,412,1781891935,79464
1155,412,1782625294,75712
1156,412,1781719954,49377
1157,1,1784804257,2077593
1158,1,1783148740,301867
1159,1,1785423686,919374
1160,1,1785400084,970088
1161,2,1784159575,935106
1162,2,1785524505,1010830
1163,2,1785363404,1773420
1164,2,1783442835,326630
1165,2,1784154931,1329144
1166,2,1784551627,509275
1167,4,1783238859,473996
1168,4,1782865354,1128892
1169,4,1783604731,911991
1170,4,1783965118,809123
1171,5,1784712103,591618
1172,6,1785056668,561262
1173,6,1782878239,1764218
1174,6,1783304777,1878047
1175,6,1784291055,362175
1176,6,1784647198,435236
1177,7,1783425532,1931555
1178,7,1783078171,1867078
1179,7,1784831218,812232
1180,7,1783931839,384645
1181,12,1785113848,2044180
1182,12,1784488480,1103496
1183,12,1785085455,1827320
1184,12,1784172442,619771
1185,12,1785415019,484872
1186,13,1785436157,1007657
1187,13,1785167686,1515463
1188,13,1783768988,1793356
1189,13,1785498908,191813
1190,13,1784086416,1728244
1191,13,1785376418,1983684
1192,16,1785112786,300854
1193,16,1783168614,1511941
1194,16,1785347233,1843086
1195,16,1783781822,1393112
1196,16,1783345458,1881312
1197,16,1783694991,2062390
1198,17,1784602603,582587
1199,17,1784025522,1687158
1200,17,1784642570,1228041
1201,17,1784166373,1526354
1202,17,1785323486,367488
1203,24,1784495787,1476199
1204,24,1785276143,1345675
1205,24,1783240670,1265296
1206,24,1783635586,1407364
1207,24,1783876373,1627460
1208,25,1785213101,1779752
1209,25,1783098978,1930616
1210,25,1785201900,1738773
1211,25,1783634748,1599370
1212,26,1784599144,1980412
1213,27,1784514681,235118
1214,27,1783867742,548575
1215,27,1783587126,1546093
1216,27,1783943398,1508708
1217,32,1785019914,210899
1218,32,1784379631,1967489
1219,32,1785103584,1659576
1220,34,1783870364,1315500
1221,34,1783242328,1691296
1222,34,1784608596,1000457
1223,34,1784869271,620428
1224,35,1784574133,1312508
1225,35,1784975956,2068523
1226,37,1784282210,1525784
1227,38,1785159872,804945
1228,38,1785146679,1802260
1229,38,1784057927,529017
1230,38,1783113936,332466
1231,38,1783723869,386683
1232,38,1783341930,933416
1233,39,1784776255,1957567
1234,39,1784633897,1014719
1235,40,1784679711,1786647
1236,40,1785133642,1212822
1237,40,1783410914,880453
1238,40,1784231981,1116175
1239,42,1783618425,1299028
1240,42,1783687613,1991100
1241,42,1783399592,1369284
1242,42,1782877557,635155
1243,43,1782883081,1192876
1244,43,1783089508,282748
1245,43,1782974473,361344
1246,44,1784162665,1607892
1247,44,1783023470,1881073
1248,45,1784419837,1642993
1249,45,1784918310,921930
1250,45,1785305787,1732373
1251,46,1783853867,543992
1252,46,1784417817,1063024
1253,46,1784301183,1317700
1254,46,1785536357,384618
1255,46,1784345365,1428706
1256,47,1784352948,1972905
1257,47,1784887254,1202426
1258,47,1782901675,235237
1259,47,1783927452,1276026
1260,47,1783844149,1310168
1261,48,1783879962,717032
1262,49,1783299979,486273
1263,49,1783012659,571043
1264,53,1785248295,1587781
1265,53,1782974760,623359
1266,53,1785492175,387540
1267,54,1785211512,936226
1268,55,1783454252,1191407
1269,55,1782893333,1662471
1270,55,1783707315,577499
1271,55,1783110844,1046190
1272,58,1783780121,1686281
1273,58,1783556813,675490
1274,58,1785360079,1848383
1275,58,1783172603,995031
1276,59,1783035558,873403
1277,60,1783727008,1023158
1278,60,1784675736,1959068
1279,60,1783316012,702112
1280,63,1782988985,1921118
1281,63,1783132882,1478147
1282,63,1784974698,1981513
1283,72,1785346277,248582
1284,72,1785410882,1310510
1285,72,1785292922,1764707
1286,72,1785253885,1087534
1287,72,1785391864,1737373
1288,73,1782984663,900819
1289,73,1783265500,1700717
1290,73,1783177932,681156
1291,74,1783017425,1870629
1292,74,1783052870,1121498
1293,74,1783872767,1900127
1294,74,1784113047,190367
1295,74,1785525895,1907136
1296,74,1784732187,991982
1297,75,1784809651,348078
1298,75,1785439454,2083789
1299,75,1784885057,594175
1300,75,1785113486,1097142
1301,75,1785531001,658067
1302,75,1785094767,715156
1303,77,1783234967,723975
1304,78,1783656510,534051
1305,78,1785397261,1351768
1306,78,1784101593,1548341
1307,78,1784634470,239531
1308,78,1784779207,1555288
1309,79,1784584097,1295870
1310,79,1783196514,455888
1311,79,1784763127,848397
1312,79,1784530835,986704
1313,79,1784931699,1502411
1314,83,1783680943,1669177
1315,83,1784312648,352687
1316,83,1783908906,1610138
1317,83,1784702361,2099502
1318,83,1784907996,555250
1319,83,1783973219,1451976
1320,86,1784671510,868689
1321,87,1783716667,1536426
1322,87,1783858712,778466
1323,92,1784751673,2081536
1324,92,1785160761,1311916
1325,92,1784976210,2014864
1326,92,1783038265,837949
1327,96,1783543372,1493611
1328,96,1783386986,574289
1329,96,1782929458,1487846
1330,96,1784816371,1754433
1331,96,1784505499,1459166
1332,96,1785484699,1170852
1333,99,1784781026,1422700
1334,99,1784701430,379041
1335,102,1783859608,1072799
1336,102,1782969972,1077007
1337,103,1783169797,2045215
1338,103,1784653675,1246641
1339,109,1785415113,797879
1340,109,1783608846,1504129
1341,109,1784596645,1757021
1342,109,1784519964,1359867
1343,109,1785328863,1700513
1344,109,1784535774,607465
1345,112,1783595239,978615
1346,112,1783679018,920918
1347,112,1784192473,1374981
1348,112,1783984259,602789
1349,112,1783155334,643916
1350,112,1784904249,2052855
1351,114,1784758938,1378063
1352,114,1783331088,1516930
1353,117,1783420232,1859104
1354,122,1785170389,476793
1355,122,1783403690,311719
1356,122,1784720727,365942
1357,122,1783331437,1079828
1358,122,1783987165,579185
1359,122,1784803632,258863
1360,125,1783035152,490791
1361,126,1783482620,1355881
1362,126,1783172745,1298859
1363,126,1785147749,879050
1364,126,1784674209,1507174
1365,126,1784266189,422398
1366,126,1784426885,1207583
1367,127,1785141383,1449147
1368,127,1784112888,728294
1369,127,1783027949,1350475
1370,127,1784746675,1869686
1371,132,1783695442,561795
1372,132,1784238284,804429
1373,137,1782896522,1321627
1374,137,1785425793,501341
1375,137,1783966511,564297
1376,137,1784375917,1264816
1377,137,1783145529,1088026
1378,137,1784392970,1831533
1379,138,1785501589,1033008
1380,140,1784357742,321118
1381,140,1783130467,968267
1382,140,1785354983,918825
1383,140,1784228262,1918634
1384,140,1782938212,747785
1385,140,1784932681,1276467
1386,141,1783410164,1730168
1387,141,1783638860,900652
1388,141,1784120297,503205
1389,145,1784422830,792901
1390,145,1784944172,574639
1391,145,1783122748,1842624
1392,145,1784748657,1749332
1393,145,1783068856,2046501
1394,147,1784580912,856157
1395,154,1783679942,1636977
1396,154,1784315297,831074
1397,154,1783960016,399789
1398,155,1783641007,1175240
1399,155,1782937721,597334
1400,155,1785259030,410020
1401,155,1783215026,1616929
1402,157,1783182368,979098
1403,157,1785297343,1061048
1404,159,1783846060,1736436
1405,159,1783756492,552072
1406,159,1784117145,1269184
1407,160,1784309551,2000374
1408,162,1783766459,1414052
1409,162,1783356126,2073760
1410,163,1783270389,2051273
1411,164,1783429007,1065562
1412,164,1783150504,989732
1413,164,1783610553,633629
1414,164,1785134228,1033553
1415,164,1785460031,1084459
1416,167,1783751995,1049320
1417,167,1785332556,1340431
1418,167,1785507919,1913780
1419,169,1785317822,2090236
1420,169,1783733930,1889046
1421,169,1784668944,1370446
1422,169,1785002199,976738
1423,170,1783791050,283433
1424,173,1783616290,1804293
1425,174,1785413214,954488
1426,174,1785124402,687202
1427,174,1784386039,1296930
1428,174,1784911379,866439
1429,174,1783825045,738789
1430,175,1783720444,799266
1431,175,1785123618,1002608
1432,179,1783001929,1514219
1433,182,1783821261,1830167
1434,182,1783973429,1671624
1435,182,1783300737,368819
1436,186,1785204732,1761016
1437,186,1784398460,969731
1438,186,1782889639,1995576
1439,186,1784277822,269527
1440,186,1782982914,1493096
1441,186,1783123636,1309408
1442,187,1783335429,577814
1443,187,1783978795,1282127
1444,187,1783161239,1810780
1445,187,1784932686,2091153
1446,187,1782981319,802119
1447,188,1784040254,1189215
1448,188,1783819836,2098572
1449,192,1783950440,1844804
1450,194,1783567931,458928
1451,195,1782873111,1825700
1452,195,1784444922,877050
1453,195,1784976313,1151923
1454,195,1784276280,1389667
1455,196,1782931433,1200991
1456,201,1785391265,197051
1457,201,1785331091,947594
1458,201,1785359530,1026935
1459,201,1785432748,1074719
1460,201,1785532741,910725
1461,203,1783363654,869067
1462,203,1784515988,961419
1463,204,1784336710,1138777
1464,204,1785200276,345423
1465,204,1784802774,672239
1466,204,1785507699,817910
1467,209,1783102526,951735
1468,209,1783972761,1732489
1469,211,1783399663,1361056
1470,214,1783351225,239150
1471,214,1784655030,596736
1472,215,1784159442,1608240
1473,218,1783092456,2082078
1474,218,1785512908,1214348
1475,219,1785021791,685789
1476,220,1784389206,308915
1477,221,1783667021,1473879
1478,222,1784433479,1826902
1479,222,1783677317,1400262
1480,222,1783671171,725111
1481,222,1784258076,1869225
1482,226,1785061504,1492193
1483,226,1783434938,866651
1484,226,1784465511,1954129
1485,226,1785181447,1661771
1486,226,1783650666,303358
1487,226,1784013516,1891644
1488,227,1785514740,218643
1489,231,1783674256,745036
1490,231,1783457183,1494142
1491,231,1784374822,2093500
1492,231,1782921189,1575688
1493,231,1784761235,2094792
1494,231,1785473302,1348261
1495,232,1783209388,1762499
1496,232,1784599884,895746
1497,232,1782955463,1625905
1498,232,1783891018,1084468
1499,232,1782869924,1229230
1500,232,1785041831,1199548
1501,233,1784467523,457229
1502,233,1784789757,901087
1503,233,1785302731,1782639
1504,233,1784591255,936047
1505,233,1784773484,1641666
1506,234,1785440494,962878
1507,234,1785413214,1165626
1508,234,1785400950,666769
1509,234,1785366428,181708
1510,234,1785352101,1951420
1511,235,1784262027,1392350
1512,235,1783925460,1704808
1513,235,1784052601,1830282
1514,236,1785341526,898674
1515,236,1784193635,661500
1516,236,1783622329,1745170
1517,236,1784253671,1407794
1518,238,1785199900,1581576
1519,238,1783808132,997850
1520,238,1785032688,1517176
1521,238,1783555525,973997
1522,238,1784604360,1345234
1523,240,1784756877,834313
1524,240,1785276128,355896
1525,240,1785080581,1527368
1526,240,1784840355,1871378
1527,243,1783765887,678058
1528,243,1782985850,830941
1529,243,1783856225,879466
1530,243,1783943475,597578
1531,245,1783518712,1583592
1532,245,1783721521,644785
1533,245,1783219424,972231
1534,245,1783194784,1304080
1535,245,1783204960,349174
1536,245,1785203247,2086590
1537,248,1784003190,277888
1538,248,1785301629,309151
1539,248,1783326179,1661028
1540,249,1785112000,1179392
1541,249,1783520015,314229
1542,249,1783488760,2037843
1543,251,1784254928,533483
1544,251,1783234424,996689
1545,251,1784029332,1349025
1546,251,1784347320,1814543
1547,254,1783259158,1246550
1548,254,1783061131,542890
1549,254,1783159292,603319
1550,254,1784341144,1360498
1551,254,1783897955,1530421
1552,254,1785454028,1443785
1553,255,1783454012,1479873
1554,255,1784855909,1344602
1555,255,1784711156,321705
1556,255,1783685424,745947
1557,255,1785335662,1714071
1558,255,1783329317,1477838
1559,257,1784827180,696835
1560,257,1784680267,1500917
1561,257,1784975400,1891086
1562,257,1783864344,366399
1563,258,1783991151,537531
1564,258,1783143261,1197361
1565,258,1785155916,1218599
1566,258,1784091589,1962425
1567,258,1784228515,286225
1568,258,1784719410,702017
1569,260,1784146636,1305173
1570,260,1783079742,1790749
1571,260,1784033596,2055034
1572,260,1784382365,1351925
1573,260,1784642318,1460401
1574,261,1785216742,360527
1575,261,1784846048,525584
1576,261,1784005343,1734805
1577,261,1784993732,1859038
1578,261,1783739728,1709081
1579,261,1784610001,1274674
1580,262,1784380518,1656232
1581,262,1783883317,1949510
1582,262,1784257688,403560
1583,262,1783247342,611379
1584,262,1782970398,547946
1585,263,1785055721,1763247
1586,263,1785053751,828374
1587,263,1783753865,610731
1588,263,1783960726,1617202
1589,263,1785457493,880110
1590,263,1785528638,829458
1591,264,1785115161,703843
1592,264,1784826920,1410047
1593,264,1785288808,1468754
1594,264,1783895918,1179683
1595,267,1783919407,743024
1596,267,1784965374,1324871
1597,267,1783715631,704565
1598,267,1784346452,1957712
1599,267,1784114865,1008772
1600,267,1784910292,819659
1601,269,1785402443,1682630
1602,271,1784446454,899340
1603,271,1783205680,1184712
1604,271,1783238192,2013509
1605,271,1785541698,235601
1606,273,1783719193,1750957
1607,273,1784849077,632332
1608,273,1782893326,1916334
1609,273,1785068133,1539114
1610,273,1783383997,1898545
1611,273,1784954478,1487772
1612,275,1784076876,208418
1613,275,1785381246,972168
1614,275,1784762257,577640
1615,275,1785381433,2027119
1616,275,1784066816,852765
1617,276,1783137723,1035232
1618,276,1783644464,384477
1619,276,1783742246,553150
1620,278,1784134765,1591608
1621,278,1784173151,1524195
1622,278,1785342825,1910126
1623,279,1785335698,1858326
1624,279,1785229340,253741
1625,279,1784973239,1219557
1626,279,1785401713,2003907
1627,279,1785271046,1616475
1628,280,1784007237,360842
1629,280,1784336661,1654910
1630,280,1784483017,515132
1631,280,1784468090,875873
1632,280,1784485337,913454
1633,280,1784859644,1986790
1634,281,1785525159,1446887
1635,283,1784420772,216677
1636,283,1783702909,1051714
1637,283,1782944370,1067264
1638,287,1785217586,1958561
1639,287,1785099052,743795
1640,287,1783442187,1235365
1641,287,1783257133,284733
1642,288,1783478604,1889142
1643,289,1785266777,1269653
1644,289,1784459618,1324319
1645,289,1783293291,1877269
1646,289,1784909355,750556
1647,290,1783701787,1192667
1648,290,1783853384,524099
1649,290,1783650128,569120
1650,290,1784359816,1276914
1651,290,1784632688,587940
1652,290,1784970463,413970
1653,291,1784711261,871919
1654,291,1784366786,1539082
1655,291,1784431970,615548
1656,293,1785489776,431462
1657,293,1784929805,1739847
1658,293,1784133855,554963
1659,295,1784162690,1548903
1660,295,1785494828,384726
1661,296,1783300098,1538555
1662,296,1783822077,1385836
1663,296,1784558092,1902605
1664,296,1782909465,268379
1665,296,1784984885,1247577
1666,297,1782965305,1202700
1667,297,1782984793,1883723
1668,297,1783956580,1201857
1669,297,1784034979,208105
1670,297,1783697175,1917192
1671,297,1783931541,1162288
1672,302,1783278584,1792762
1673,302,1784645094,742854
1674,302,1785176990,377903
1675,305,1785360621,1473186
1676,305,1784297652,1360912
1677,305,1783386557,1999941
1678,305,1783656525,553373
1679,305,1783742839,1257308
1680,308,1784770058,1301273
1681,308,1784760225,1760736
1682,308,1784377574,1796225
1683,308,1782955729,1233000
1684,309,1782865468,591536
1685,309,1784032724,1655861
1686,313,1784839135,1234260
1687,314,1783075039,987806
1688,314,1784877304,1384138
1689,314,1784114628,970101
1690,315,1784016777,377039
1691,315,1784163312,1974712
1692,315,1783051576,790069
1693,315,1783302484,1781636
1694,315,1783151365,2052541
1695,315,1782980113,1979779
1696,318,1783183089,1958494
1697,318,1785189927,532108
1698,318,1785203257,196771
1699,318,1785481378,636195
1700,321,1783705356,742559
1701,322,1784716004,645764
1702,322,1784215610,1676616
1703,323,1783041849,2021618
1704,325,1783469026,1914957
1705,325,1782984205,970045
1706,327,1784135038,373928
1707,334,1784160131,347656
1708,335,1784689611,1626777
1709,335,1784643922,822371
1710,335,1785501648,1882622
1711,336,1783716016,231095
1712,336,1783022704,879821
1713,338,1784063220,1189309
1714,338,1784100972,264866
1715,338,1784421224,320841
1716,340,1783048143,578397
1717,340,1783532215,529030
1718,341,1784948985,260013
1719,341,1784779361,1454236
1720,341,1783118766,518698
1721,341,1785115906,601781
1722,341,1783259887,1383424
1723,341,1785498291,229690
1724,343,1785200387,2097617
1725,343,1783288346,1977730
1726,343,1785521165,970881
1727,343,1783807819,307981
1728,343,1785323784,187693
1729,347,1783968611,494255
1730,347,1783435782,760934
1731,348,1784688120,946689
1732,349,1784943155,739862
1733,349,1783089068,595880
1734,349,1785104482,604229
1735,349,1784185944,761629
1736,349,1783818259,410053
1737,349,1783097182,1744375
1738,350,1784597311,519629
1739,350,1784774518,600964
1740,350,1785325946,652856
1741,350,1785095431,1484223
1742,350,1784794107,1851338
1743,350,1782914005,957326
1744,360,1785509378,613837
1745,360,1783301163,882652
1746,362,1785185221,1999623
1747,362,1783162651,1784987
1748,364,1783956040,1362881
1749,365,1784788607,1028585
1750,365,1784876715,650335
1751,366,1785239356,860981
1752,366,1785203058,560812
1753,366,1785023150,1666288
1754,366,1785427780,1448662
1755,366,1785134828,1395787
1756,366,1785245781,673996
1757,370,1785486718,1568702
1758,370,1783476952,1477181
1759,370,1785438695,1249417
1760,370,1783055432,943511
1761,370,1784522946,1428389
1762,373,1783315618,422627
1763,373,1783154761,641165
1764,373,1784042305,1655915
1765,374,1783817980,1496103
1766,374,1783708106,1303475
1767,374,1785289493,1527869
1768,376,1783858795,1601467
1769,376,1784678534,1699087
1770,376,1783164793,2020511
1771,377,1782876427,1319399
1772,380,1784539224,710048
1773,380,1785235535,873368
1774,380,1784741015,378570
1775,380,1784409896,722011
1776,382,1785422084,226710
1777,382,1784350290,314575
1778,382,1784097616,1181499
1779,382,1783928615,184189
1780,382,1785028875,271923
1781,382,1784316143,1719882
1782,383,1784559448,1861709
1783,383,1782927100,1804177
1784,385,1785363921,1466712
1785,385,1783251666,779251
1786,385,1783066239,304378
1787,387,1783966425,1003929
1788,387,1784182491,963609
1789,387,1785037484,272907
1790,387,1783197342,603569
1791,389,1785489172,76901
1792,389,1785315170,47420
1793,389,1785442947,64578
1794,389,1785538508,50586
1795,389,1785372933,68062
1796,389,1785526668,65796
1797,389,1785278828,60234
1798,389,1785458853,74127
1799,390,1784649193,61593
1800,390,1785281767,27695
1801,390,1784676048,66302
1802,390,1784902238,70613
1803,390,1785049350,51338
1804,390,1784669759,80708
1805,390,1784653347,58220
1806,391,1783670792,51429
1807,391,1783471672,67475
1808,391,1785361030,48670
1809,391,1783160484,89345
1810,391,1784024472,41784
1811,391,1785471005,46057
1812,391,1785398511,71794
1813,392,1784213789,75747
1814,392,1784113904,55877
1815,392,1783987913,54424
1816,393,1782988612,54568
1817,393,1784750005,49097
1818,393,1784658102,69045
1819,393,1783920662,31664
1820,393,1783466099,22154
1821,393,1782988354,22304
1822,393,1784771746,67027
1823,393,1783846388,81021
1824,394,1784412797,52296
1825,394,1784167190,41441
1826,395,1785184574,38459
1827,395,1783101070,42376
1828,395,1785176359,80778
1829,395,1785509059,26721
1830,395,1782900082,35902
1831,395,1784823361,41836
1832,395,1784812779,63440
1833,396,1783710554,77183
1834,396,1784571193,66119
1835,396,1783444973,65111
1836,396,1783459959,83342
1837,396,1783152480,86050
1838,396,1782918837,76256
1839,397,1783809937,50349
1840,397,1784912118,76158
1841,397,1784095412,42637
1842,397,1784621498,36912
1843,397,1784970505,63622
1844,397,1783536716,66003
1845,398,1784095748,49206
1846,398,1785279412,30405
1847,398,1783539820,64212
1848,398,1784748836,36823
1849,398,1784945974,69309
1850,398,1782966349,76232
1851,398,1785439585,81972
1852,398,1784919841,73596
1853,399,1783610600,73194
1854,399,1783400352,67375
1855,399,1784984874,52515
1856,399,1783111070,89183
1857,399,1783837603,20784
1858,400,1784753997,53236
1859,400,1783074769,43110
1860,401,1783613630,66579
1861,401,1784320625,62807
1862,402,1785464706,41020
1863,402,1784733557,78483
1864,402,1785395498,55004
1865,402,1784533293,30243
1866,402,1785173121,48144
1867,403,1782950821,58953
1868,403,1785398505,60890
1869,404,1784458348,85931
1870,404,1784821198,79656
1871,404,1784952021,80327
1872,404,1784620578,87124
1873,404,1783653797,56463
1874,405,1784429598,20180
1875,405,1784489687,59644
1876,406,1784688594,40200
1877,406,1784321273,22432
1878,406,1784698870,31714
1879,406,1784661746,85352
1880,406,1783087020,46451
1881,406,1785240302,22710
1882,407,1783641580,70805
1883,407,1784846629,63412
1884,407,1784237647,76143
1885,407,1783098893,71891
1886,407,1784172911,23459
1887,407,1785455825,76091
1888,407,1783179862,55852
1889,407,1783533295,85343
1890,408,1785087588,88545
1891,408,1784927188,71325
1892,408,1784978966,88620
1893,408,1784179813,70507
1894,408,1784514714,52221
1895,408,1785149599,79425
1896,408,1784125183,40289
1897,409,1784944765,32475
1898,409,1785071142,63756
1899,409,1784670813,38555
1900,410,1785033754,89316
1901,410,1783135384,89963
1902,410,1784900863,25616
1903,410,1783124072,58252
1904,410,1785509124,26512
1905,410,1784175521,74469
1906,410,1784492636,41648
1907,411,1784006599,68777
1908,411,1784331264,60718
1909,411,1782993017,54212
1910,411,1783221323,42700
1911,411,1783458680,25466
1912,411,1784414748,38733
1913,412,1784897379,55335
1914,412,1784642072,67120
1915,412,1784109196,47991
