id,account_id,plan_id,status,started_at,canceled_at
1,1,4,a,1724367975,
2,2,4,a,1734571048,
3,3,3,a,1739871000,
4,4,3,a,1730718787,
5,5,3,a,1718520853,
6,6,3,a,1726937482,
7,7,3,a,1733324208,
8,8,3,a,1709801702,
9,9,2,a,1713940423,
10,10,2,a,1734889322,
11,11,2,a,1718271306,
12,12,2,a,1719101527,
13,13,2,a,1716790082,
14,14,2,a,1723357667,
15,15,2,a,1705290884,
16,16,2,a,1726216528,
17,17,2,a,1729305230,
18,18,2,a,1710872485,
19,19,1,a,1715528092,
20,20,1,a,1727799796,
21,21,1,a,1765291554,
22,22,1,a,1765044213,
23,23,1,a,1752630296,
24,24,1,a,1747746497,
25,25,1,a,1768613391,
26,26,1,a,1757880753,
27,27,1,a,1760583575,
28,28,1,a,1756272695,
29,29,1,a,1764447586,
30,30,1,a,1751803307,
31,31,1,c,1778109635,1783928248
32,32,1,c,1776194857,1779950253
33,33,2,c,1773474195,1780435440
34,34,2,c,1777082852,1785117226
35,35,2,p,1772261297,
36,36,2,t,1776834220,
37,37,1,t,1776198179,
38,38,2,t,1780031908,
39,39,1,t,1779740100,
40,40,2,t,1785112092,
41,41,1,c,1785197049,1785459795
42,42,1,c,1782274102,1785191249
43,43,2,p,1781480932,
44,44,1,p,1783517270,
45,45,1,a,1783911569,
46,46,1,a,1777019169,
47,47,1,a,1779893883,
