id,email,account_id,created_at,deleted_at
1,user1@corp2.example,1,1769943409,
2,user2@corp2.example,1,1740017245,
3,user3@corp2.example,1,1761344377,
4,user4@corp2.example,1,1736219304,
5,user5@corp2.example,1,1759888652,
6,user6@corp2.example,1,1754637005,
7,user7@corp2.example,1,1752417294,
8,user8@corp2.example,1,1737071732,
9,user9@corp2.example,1,1770508943,
10,user10@corp2.example,1,1738557471,
11,user11@corp2.example,1,1740325811,
12,user12@corp2.example,1,1756842283,
13,user13@corp2.example,1,1737021773,
14,user14@corp2.example,1,1743647873,
15,user15@corp2.example,1,1770605568,
16,user16@corp2.example,1,1733821752,
17,user17@corp2.example,1,1732348830,
18,user18@corp2.example,1,1754908980,
19,user19@corp1.example,1,1723264320,
20,user20@corp1.example,1,1741459895,
21,user21@corp1.example,1,1771719810,
22,user22@corp1.example,1,1757709567,
23,user23@corp1.example,1,1749222623,
24,user24@corp1.example,1,1748234923,
25,user25@corp1.example,1,1722677097,
26,user26@corp1.example,1,1758347376,
27,user27@corp1.example,1,1736105422,
28,user28@corp1.example,1,1733011675,
29,user29@corp2.example,2,1752357362,
30,user30@corp2.example,2,1746776351,
31,user31@corp2.example,2,1741399434,
32,user32@corp2.example,2,1745582328,
33,user33@corp2.example,2,1765738407,
34,user34@corp2.example,2,1738346412,
35,user35@corp3.example,3,1766483365,
36,user36@corp4.example,4,1756135554,
37,user37@corp5.example,5,1734750831,
38,user38@corp6.example,6,1757013629,
39,user39@corp7.example,7,1753944819,
40,user40@corp8.example,8,1716949732,
41,user41@corp9.example,9,1714200588,
42,user42@corp10.example,10,1760057180,1784869149
43,user43@corp11.example,11,1766340338,1783339994
44,user44@corp12.example,12,1751992068,
45,user45@corp13.example,13,1771461607,
46,user46@corp14.example,14,1760312529,
47,user47@corp15.example,15,1762449903,
48,user48@corp16.example,16,1747456589,
49,user49@corp17.example,17,1756120681,
50,user50@corp18.example,18,1752137179,
51,user51@corp19.example,19,1741951246,1775312258
52,user52@corp20.example,20,1757097242,
53,user53@corp21.example,21,1762306666,
54,user54@corp22.example,22,1770590046,
55,user55@corp23.example,23,1771903541,1784178939
56,user56@corp24.example,24,1749343556,
57,user57@corp25.example,25,1765842799,1768653070
58,user58@corp26.example,26,1770189744,
59,user59@corp27.example,27,1765455207,
60,user60@corp28.example,28,1762603789,
61,user61@corp29.example,29,1765743823,
62,user62@corp30.example,30,1763307036,
63,user63@corp31.example,31,1772167515,
64,user64@corp32.example,32,1771880842,
65,user65@corp33.example,33,1771283441,
66,user66@corp34.example,34,1782130733,
67,user67@corp35.example,35,1770809722,
68,user68@corp36.example,36,1785357808,
69,user69@corp37.example,37,1779570974,
70,user70@corp38.example,38,1779021330,
71,user71@corp39.example,39,1777427577,1784791732
72,user72@corp40.example,40,1785241173,
73,user73@corp41.example,41,1782979559,
74,user74@corp42.example,42,1782659378,
75,user75@corp43.example,43,1784806946,
76,user76@corp44.example,44,1783134445,
77,user77@corp3.example,3,1770102999,
78,user78@corp4.example,4,1746392674,
79,user79@corp5.example,5,1752237739,
80,user80@corp6.example,6,1762548851,
81,user81@corp7.example,7,1746995593,1776469290
82,user82@corp8.example,8,1727406335,
83,user83@corp9.example,9,1761383509,
84,user84@corp10.example,10,1767286911,1782039017
85,user85@corp11.example,11,1721611996,
86,user86@corp12.example,12,1736877091,
87,user87@corp13.example,13,1763012572,
88,user88@corp14.example,14,1742177196,
89,user89@corp15.example,15,1724481161,
90,user90@corp16.example,16,1748115917,
91,user91@corp17.example,17,1736454231,
92,user92@corp18.example,18,1735794333,
93,user93@corp19.example,19,1714566669,
94,user94@corp20.example,20,1762687698,
95,user95@corp21.example,21,1766712356,
96,user96@corp22.example,22,1766054251,
97,user97@corp23.example,23,1766456585,
98,user98@corp24.example,24,1743279414,
99,user99@corp25.example,25,1766440506,
100,user100@corp26.example,26,1768790167,1767828631
101,user101@corp27.example,27,1771315777,
102,user102@corp28.example,28,1768081052,
103,user103@corp29.example,29,1765273421,
104,user104@corp30.example,30,1768905982,
105,user105@corp31.example,31,1772298528,
106,user106@corp32.example,32,1771547504,
107,user107@corp33.example,33,1771388213,
108,user108@corp34.example,34,1780874710,
109,user109@corp35.example,35,1771643501,
110,user110@corp36.example,36,1778936198,
111,user111@corp37.example,37,1785432766,
112,user112@corp38.example,38,1782621480,
113,user113@corp39.example,39,1779563676,
114,user114@corp40.example,40,1783093901,
115,user115@corp41.example,41,1783366389,
116,user116@corp42.example,42,1781993816,
117,user117@corp43.example,43,1782253725,1784980744
118,user118@corp44.example,44,1783498099,
119,user119@corp3.example,3,1752780255,
120,user120@corp4.example,4,1727652074,
121,user121@corp5.example,5,1733735432,
122,user122@corp6.example,6,1724672389,
123,user123@corp7.example,7,1766501375,
124,user124@corp8.example,8,1770230130,1783420278
125,user125@corp9.example,9,1733540461,
126,user126@corp10.example,10,1748476614,
127,user127@corp11.example,11,1725606198,
128,user128@corp12.example,12,1770600199,1768917582
129,user129@corp13.example,13,1734657195,
130,user130@corp14.example,14,1746265488,
131,user131@corp15.example,15,1725230442,
132,user132@corp16.example,16,1728502906,
133,user133@corp17.example,17,1751554452,
134,user134@corp18.example,18,1725164376,
135,user135@corp19.example,19,1726362174,
136,user136@corp20.example,20,1763115848,
137,user137@corp21.example,21,1760158129,
138,user138@corp22.example,22,1765406653,
139,user139@corp23.example,23,1751646134,1771409740
140,user140@corp24.example,24,1759363017,
141,user141@corp25.example,25,1768721261,
142,user142@corp26.example,26,1757251475,
143,user143@corp27.example,27,1769190201,
144,user144@corp28.example,28,1757894351,
145,user145@corp29.example,29,1765645268,
146,user146@corp30.example,30,1756881468,
147,user147@corp31.example,31,1772099870,
148,user148@corp32.example,32,1771779982,
149,user149@corp33.example,33,1770921979,
150,user150@corp34.example,34,1779709752,
151,user151@corp35.example,35,1770978141,
152,user152@corp36.example,36,1785499008,1778049362
153,user153@corp37.example,37,1780253917,1782230604
154,user154@corp38.example,38,1782615850,
155,user155@corp39.example,39,1780322755,
156,user156@corp40.example,40,1784515564,
157,user157@corp41.example,41,1780709249,
158,user158@corp42.example,42,1784259189,
159,user159@corp43.example,43,1777297031,
160,user160@corp44.example,44,1782041835,
161,user161@corp3.example,3,1736426695,
162,user162@corp4.example,4,1769628788,
163,user163@corp5.example,5,1736979843,
164,user164@corp6.example,6,1743968558,
165,user165@corp7.example,7,1769504106,1776553103
166,user166@corp8.example,8,1726302783,
167,user167@corp9.example,9,1715202988,
168,user168@corp10.example,10,1758677713,
169,user169@corp11.example,11,1717345012,
170,user170@corp12.example,12,1756520764,
171,user171@corp13.example,13,1739195127,
172,user172@corp14.example,14,1770312368,
173,user173@corp15.example,15,1715713797,1785467393
174,user174@corp16.example,16,1731505218,
175,user175@corp17.example,17,1748753594,
176,user176@corp18.example,18,1725067617,
177,user177@corp19.example,19,1755571549,
178,user178@corp20.example,20,1763467301,
179,user179@corp21.example,21,1763589651,
180,user180@corp22.example,22,1765633631,
181,user181@corp23.example,23,1768449481,1774093504
182,user182@corp24.example,24,1752701663,
183,user183@corp25.example,25,1762647558,
184,user184@corp26.example,26,1768462400,
185,user185@corp27.example,27,1764015170,
186,user186@corp28.example,28,1768826912,
187,user187@corp29.example,29,1766173118,
188,user188@corp30.example,30,1756107659,
189,user189@corp31.example,31,1772001208,
190,user190@corp32.example,32,1770599073,
191,user191@corp33.example,33,1770542264,1775053292
192,user192@corp34.example,34,1779090990,
193,user193@corp35.example,35,1770583526,1770197220
194,user194@corp36.example,36,1776432457,
195,user195@corp37.example,37,1781459120,
196,user196@corp38.example,38,1781504694,
197,user197@corp39.example,39,1780858125,
198,user198@corp40.example,40,1784362953,
199,user199@corp41.example,41,1785407018,
200,user200@corp42.example,42,1782860033,
201,user201@corp43.example,43,1785327252,
202,user202@corp44.example,44,1784866732,
203,user203@corp3.example,3,1742814209,
204,user204@corp4.example,4,1756083926,
205,user205@corp5.example,5,1757269766,
206,user206@corp6.example,6,1770065728,
207,user207@corp7.example,7,1727106511,
208,user208@corp8.example,8,1755992501,
209,user209@corp9.example,9,1729867103,
210,user210@corp10.example,10,1768777453,1772098757
211,user211@corp11.example,11,1738913574,
212,user212@corp12.example,12,1725387850,1770734946
213,user213@corp13.example,13,1726107974,
214,user214@corp14.example,14,1768805500,
215,user215@corp15.example,15,1713109527,1785475369
216,user216@corp16.example,16,1763100407,
217,user217@corp17.example,17,1741762881,
218,user218@corp18.example,18,1767594430,
219,user219@corp19.example,19,1740334245,
220,user220@corp20.example,20,1745176510,
221,user221@corp21.example,21,1771932947,
222,user222@corp22.example,22,1764962925,
223,user223@corp23.example,23,1768418874,1772173950
224,user224@corp24.example,24,1752708327,
225,user225@corp25.example,25,1763246405,1775338357
226,user226@corp26.example,26,1756022246,
227,user227@corp27.example,27,1770390447,
228,user228@corp28.example,28,1754605667,1768044854
229,user229@corp29.example,29,1768034357,
230,user230@corp30.example,30,1759420892,
231,user231@corp31.example,31,1772300421,
232,user232@corp32.example,32,1770971673,
233,user233@corp33.example,33,1772195165,
234,user234@corp34.example,34,1785260376,
235,user235@corp35.example,35,1771734440,
236,user236@corp36.example,36,1777975661,
237,user237@corp37.example,37,1782423583,
238,user238@corp38.example,38,1782822935,
239,user239@corp39.example,39,1778573199,
240,user240@corp40.example,40,1784367935,
241,user241@corp41.example,41,1783353400,
242,user242@corp42.example,42,1784184265,
243,user243@corp43.example,43,1782902787,
244,user244@corp44.example,44,1784169531,
245,user245@corp3.example,3,1752795199,
246,user246@corp4.example,4,1748122588,
247,user247@corp5.example,5,1752536436,
248,user248@corp6.example,6,1771829831,
249,user249@corp7.example,7,1755126404,
250,user250@corp8.example,8,1711175183,1778314853
251,user251@corp9.example,9,1714437692,
252,user252@corp10.example,10,1759997114,
253,user253@corp11.example,11,1727565526,
254,user254@corp12.example,12,1732738245,
255,user255@corp13.example,13,1723937893,
256,user256@corp14.example,14,1754963797,1774098279
257,user257@corp15.example,15,1757579639,
258,user258@corp16.example,16,1735287027,
259,user259@corp17.example,17,1746760956,
260,user260@corp18.example,18,1749242576,
261,user261@corp19.example,19,1749269860,
262,user262@corp20.example,20,1737358932,
263,user263@corp21.example,21,1760147621,
264,user264@corp22.example,22,1768315545,
265,user265@corp23.example,23,1755780113,
266,user266@corp24.example,24,1767802185,
267,user267@corp25.example,25,1762179596,
268,user268@corp26.example,26,1758998396,
269,user269@corp27.example,27,1768115643,
270,user270@corp28.example,28,1767626924,1772149560
271,user271@corp29.example,29,1760287510,
272,user272@corp30.example,30,1761037200,
273,user273@corp31.example,31,1772222720,
274,user274@corp32.example,32,1771576187,
275,user275@corp33.example,33,1770754357,
276,user276@corp34.example,34,1778430456,1784172733
277,user277@corp35.example,35,1769490628,1780371341
278,user278@corp36.example,36,1780069540,
279,user279@corp37.example,37,1784934197,
280,user280@corp38.example,38,1781004195,
281,user281@corp39.example,39,1784924117,
282,user282@corp40.example,40,1785522251,
283,user283@corp41.example,41,1780461857,
284,user284@corp42.example,42,1782653912,1771385727
285,user285@corp43.example,43,1782242957,1784357474
286,user286@corp44.example,44,1782598565,1775211820
287,user287@corp3.example,3,1752110319,
288,user288@corp4.example,4,1762059380,
289,user289@corp5.example,5,1755361684,
290,user290@corp6.example,6,1738087677,
291,user291@corp7.example,7,1743571513,
292,user292@corp8.example,8,1742211051,
293,user293@corp9.example,9,1748464452,
294,user294@corp10.example,10,1771974686,1779162958
295,user295@corp11.example,11,1724421880,
296,user296@corp12.example,12,1714383256,
297,user297@corp13.example,13,1734248474,
298,user298@corp14.example,14,1717427109,
299,user299@corp15.example,15,1728710589,
300,user300@corp16.example,16,1768005178,
301,user301@corp17.example,17,1764304997,
302,user302@corp18.example,18,1769498849,
303,user303@corp19.example,19,1756056080,
304,user304@corp20.example,20,1755202015,
305,user305@corp21.example,21,1768395623,
306,user306@corp22.example,22,1768662146,1768396178
307,user307@corp23.example,23,1761603696,
308,user308@corp24.example,24,1742670511,
309,user309@corp25.example,25,1769089025,
310,user310@corp26.example,26,1759280960,
311,user311@corp27.example,27,1762535673,
312,user312@corp28.example,28,1755581675,
313,user313@corp29.example,29,1759593270,
314,user314@corp30.example,30,1766214960,
315,user315@corp31.example,31,1772159554,
316,user316@corp32.example,32,1771380791,1767911697
317,user317@corp33.example,33,1771379206,
318,user318@corp34.example,34,1777253199,
319,user319@corp35.example,35,1769646030,
320,user320@corp36.example,36,1784984290,
321,user321@corp37.example,37,1782867140,
322,user322@corp38.example,38,1784188065,
323,user323@corp39.example,39,1782658546,
324,user324@corp40.example,40,1784956328,1782962292
325,user325@corp41.example,41,1781113954,
326,user326@corp42.example,42,1782894832,
327,user327@corp43.example,43,1779616681,
328,user328@corp44.example,44,1784021238,
329,user329@corp3.example,3,1745702863,
330,user330@corp4.example,4,1754212840,
331,user331@corp5.example,5,1719788386,
332,user332@corp6.example,6,1765109589,
333,user333@corp7.example,7,1745839956,
334,user334@corp8.example,8,1715411287,
335,user335@corp9.example,9,1767368822,
336,user336@corp10.example,10,1765652675,
337,user337@corp11.example,11,1724039710,
338,user338@corp12.example,12,1763656657,
339,user339@corp13.example,13,1751994407,
340,user340@corp14.example,14,1761846646,
341,user341@corp15.example,15,1750790521,
342,user342@corp16.example,16,1734765621,
343,user343@corp17.example,17,1764399582,
344,user344@corp18.example,18,1716144562,1768483628
345,user345@corp19.example,19,1743845550,
346,user346@corp20.example,20,1728975704,
347,user347@corp21.example,21,1769111429,
348,user348@corp22.example,22,1768772796,
349,user349@corp23.example,23,1751563564,
350,user350@corp24.example,24,1761593269,
351,user351@corp25.example,25,1767954950,1767479095
352,user352@corp26.example,26,1768937975,
353,user353@corp27.example,27,1770711031,
354,user354@corp28.example,28,1757589196,
355,user355@corp29.example,29,1760390508,
356,user356@corp30.example,30,1757188234,
357,user357@corp31.example,31,1772062932,
358,user358@corp32.example,32,1771013188,
359,user359@corp33.example,33,1771222073,
360,user360@corp34.example,34,1779671552,
361,user361@corp35.example,35,1770480588,
362,user362@corp36.example,36,1779347906,
363,user363@corp37.example,37,1782612249,
364,user364@corp38.example,38,1781528603,
365,user365@corp39.example,39,1777093086,
366,user366@corp40.example,40,1784833192,
367,user367@corp41.example,41,1780336840,
368,user368@corp42.example,42,1784285969,
369,user369@corp43.example,43,1784175732,
370,user370@corp44.example,44,1782123958,
371,user371@corp3.example,3,1742132854,
372,user372@corp4.example,4,1759716854,
373,user373@corp5.example,5,1769068222,
374,user374@corp6.example,6,1763303435,
375,user375@corp7.example,7,1749872906,
376,user376@corp8.example,8,1740849711,
377,user377@corp9.example,9,1739843082,
378,user378@corp10.example,10,1771094762,
379,user379@corp11.example,11,1757364151,
380,user380@corp12.example,12,1734583824,
381,user381@corp13.example,13,1737324277,
382,user382@corp14.example,14,1726833535,
383,user383@corp15.example,15,1758421168,
384,user384@corp16.example,16,1754763930,
385,user385@corp17.example,17,1760552583,
386,user386@corp18.example,18,1740765767,
387,user387@corp19.example,19,1715450389,
388,user388@corp20.example,20,1755422793,
389,bot389@example-test.dev,45,1785262129,
390,bot390@example-test.dev,46,1784582430,
391,bot391@example-test.dev,47,1780608228,
392,bot392@example-test.dev,48,1771153120,
393,bot393@example-test.dev,49,1770642283,
394,bot394@example-test.dev,50,1766380263,
395,bot395@example-test.dev,45,1781028732,
396,bot396@example-test.dev,46,1780498279,
397,bot397@example-test.dev,47,1782024456,
398,bot398@example-test.dev,48,1772142172,
399,bot399@example-test.dev,49,1769628157,
400,bot400@example-test.dev,50,1767376335,
401,bot401@example-test.dev,45,1780698649,
402,bot402@example-test.dev,46,1784287727,
403,bot403@example-test.dev,47,1778850374,
404,bot404@example-test.dev,48,1771700002,
405,bot405@example-test.dev,49,1768931048,
406,bot406@example-test.dev,50,1766351571,
407,bot407@example-test.dev,45,1782891454,
408,bot408@example-test.dev,46,1784063134,
409,bot409@example-test.dev,47,1783839453,
410,bot410@example-test.dev,48,1771844408,
411,bot411@example-test.dev,49,1768213184,
412,bot412@example-test.dev,50,1763776362,
